<?xml version="1.0" encoding="UTF-8"?>
<!-- IMPORTANT: This is an internal file that has been generated
     by the Xilinx ISE software.  Any direct editing or
     changes made to this file may result in unpredictable
     behavior or data corruption.  It is strongly advised that
     users do not edit the contents of this file. -->
<DeviceUsageSummary rev="42">
<DesignStatistics TimeStamp="Wed Nov 30 18:52:28 2016"><group name="NetStatistics">
<item name="NumNets_Active" rev="7">
<attrib name="value" value="185"/></item>
<item name="NumNets_Vcc" rev="7">
<attrib name="value" value="1"/></item>
<item name="NumNodesOfType_Active_BOUNCEACROSS" rev="7">
<attrib name="value" value="2"/></item>
<item name="NumNodesOfType_Active_BOUNCEIN" rev="7">
<attrib name="value" value="17"/></item>
<item name="NumNodesOfType_Active_BUFGOUT" rev="7">
<attrib name="value" value="1"/></item>
<item name="NumNodesOfType_Active_BUFHINP2OUT" rev="7">
<attrib name="value" value="1"/></item>
<item name="NumNodesOfType_Active_CLKPIN" rev="7">
<attrib name="value" value="32"/></item>
<item name="NumNodesOfType_Active_CLKPINFEED" rev="7">
<attrib name="value" value="1"/></item>
<item name="NumNodesOfType_Active_CNTRLPIN" rev="7">
<attrib name="value" value="45"/></item>
<item name="NumNodesOfType_Active_DOUBLE" rev="7">
<attrib name="value" value="201"/></item>
<item name="NumNodesOfType_Active_GENERIC" rev="7">
<attrib name="value" value="64"/></item>
<item name="NumNodesOfType_Active_GLOBAL" rev="7">
<attrib name="value" value="17"/></item>
<item name="NumNodesOfType_Active_INPUT" rev="7">
<attrib name="value" value="3"/></item>
<item name="NumNodesOfType_Active_IOBIN2OUT" rev="7">
<attrib name="value" value="44"/></item>
<item name="NumNodesOfType_Active_IOBOUTPUT" rev="7">
<attrib name="value" value="44"/></item>
<item name="NumNodesOfType_Active_LUTINPUT" rev="7">
<attrib name="value" value="554"/></item>
<item name="NumNodesOfType_Active_OUTBOUND" rev="7">
<attrib name="value" value="158"/></item>
<item name="NumNodesOfType_Active_OUTPUT" rev="7">
<attrib name="value" value="124"/></item>
<item name="NumNodesOfType_Active_PADINPUT" rev="7">
<attrib name="value" value="25"/></item>
<item name="NumNodesOfType_Active_PADOUTPUT" rev="7">
<attrib name="value" value="20"/></item>
<item name="NumNodesOfType_Active_PINBOUNCE" rev="7">
<attrib name="value" value="80"/></item>
<item name="NumNodesOfType_Active_PINFEED" rev="7">
<attrib name="value" value="635"/></item>
<item name="NumNodesOfType_Active_QUAD" rev="7">
<attrib name="value" value="58"/></item>
<item name="NumNodesOfType_Active_REGINPUT" rev="7">
<attrib name="value" value="11"/></item>
<item name="NumNodesOfType_Active_SINGLE" rev="7">
<attrib name="value" value="294"/></item>
<item name="NumNodesOfType_Vcc_GENERIC" rev="7">
<attrib name="value" value="1"/></item>
<item name="NumNodesOfType_Vcc_HVCCOUT" rev="7">
<attrib name="value" value="9"/></item>
<item name="NumNodesOfType_Vcc_IOBIN2OUT" rev="7">
<attrib name="value" value="1"/></item>
<item name="NumNodesOfType_Vcc_IOBOUTPUT" rev="7">
<attrib name="value" value="1"/></item>
<item name="NumNodesOfType_Vcc_KVCCOUT" rev="7">
<attrib name="value" value="2"/></item>
<item name="NumNodesOfType_Vcc_LUTINPUT" rev="7">
<attrib name="value" value="9"/></item>
<item name="NumNodesOfType_Vcc_PADINPUT" rev="7">
<attrib name="value" value="1"/></item>
<item name="NumNodesOfType_Vcc_PINBOUNCE" rev="7">
<attrib name="value" value="8"/></item>
<item name="NumNodesOfType_Vcc_PINFEED" rev="7">
<attrib name="value" value="10"/></item>
<item name="NumNodesOfType_Vcc_REGINPUT" rev="7">
<attrib name="value" value="8"/></item>
</group>
<group name="SiteStatistics">
<item name="BUFG-BUFGMUX" rev="7">
<attrib name="value" value="1"/></item>
<item name="IOB-IOBM" rev="7">
<attrib name="value" value="23"/></item>
<item name="IOB-IOBS" rev="7">
<attrib name="value" value="23"/></item>
<item name="SLICEL-SLICEM" rev="7">
<attrib name="value" value="3"/></item>
<item name="SLICEX-SLICEL" rev="7">
<attrib name="value" value="12"/></item>
<item name="SLICEX-SLICEM" rev="7">
<attrib name="value" value="5"/></item>
</group>
<group name="MiscellaneousStatistics">
<item name="AGG_BONDED_IO" rev="42">
<attrib name="value" value="48"/></item>
<item name="AGG_IO" rev="42">
<attrib name="value" value="48"/></item>
<item name="AGG_SLICE" rev="42">
<attrib name="value" value="48"/></item>
<item name="NUM_BONDED_IOB" rev="42">
<attrib name="value" value="48"/></item>
<item name="NUM_BSFULL" rev="42">
<attrib name="value" value="93"/></item>
<item name="NUM_BSLUTONLY" rev="42">
<attrib name="value" value="44"/></item>
<item name="NUM_BSREGONLY" rev="42">
<attrib name="value" value="5"/></item>
<item name="NUM_BSUSED" rev="42">
<attrib name="value" value="142"/></item>
<item name="NUM_BUFG" rev="42">
<attrib name="value" value="1"/></item>
<item name="NUM_LOGIC_O5ANDO6" rev="42">
<attrib name="value" value="11"/></item>
<item name="NUM_LOGIC_O6ONLY" rev="42">
<attrib name="value" value="126"/></item>
<item name="NUM_LUT_RT_O5" rev="42">
<attrib name="value" value="1"/></item>
<item name="NUM_SLICEL" rev="42">
<attrib name="value" value="7"/></item>
<item name="NUM_SLICEX" rev="42">
<attrib name="value" value="41"/></item>
<item name="NUM_SLICE_CARRY4" rev="42">
<attrib name="value" value="3"/></item>
<item name="NUM_SLICE_CONTROLSET" rev="42">
<attrib name="value" value="9"/></item>
<item name="NUM_SLICE_CYINIT" rev="42">
<attrib name="value" value="150"/></item>
<item name="NUM_SLICE_F7MUX" rev="42">
<attrib name="value" value="4"/></item>
<item name="NUM_SLICE_FF" rev="42">
<attrib name="value" value="105"/></item>
<item name="NUM_SLICE_UNUSEDCTRL" rev="42">
<attrib name="value" value="6"/></item>
<item name="NUM_UNUSABLE_FF_BELS" rev="42">
<attrib name="value" value="23"/></item>
</group>
</DesignStatistics>
<ReportConfigData TimeStamp="Tue Nov 29 10:22:18 2016"><group name="REG_SR">
<item name="CK" rev="7">
<attrib name="CK" value="83"/><attrib name="CK_INV" value="0"/></item>
<item name="LATCH_OR_FF" rev="7">
<attrib name="FF" value="83"/></item>
<item name="SRINIT" rev="7">
<attrib name="SRINIT0" value="73"/><attrib name="SRINIT1" value="10"/></item>
<item name="SYNC_ATTR" rev="7">
<attrib name="ASYNC" value="21"/><attrib name="SYNC" value="62"/></item>
</group>
<group name="SLICEL">
<item name="CLK" rev="7">
<attrib name="CLK" value="1"/><attrib name="CLK_INV" value="0"/></item>
</group>
<group name="IOB_OUTBUF">
<item name="DRIVEATTRBOX" rev="7">
<attrib name="12" value="26"/></item>
<item name="SLEW" rev="7">
<attrib name="SLOW" value="26"/></item>
<item name="SUSPEND" rev="7">
<attrib name="3STATE" value="26"/></item>
</group>
<group name="SLICEX">
<item name="CLK" rev="7">
<attrib name="CLK" value="31"/><attrib name="CLK_INV" value="0"/></item>
</group>
<group name="FF_SR">
<item name="CK" rev="7">
<attrib name="CK" value="6"/><attrib name="CK_INV" value="0"/></item>
<item name="SRINIT" rev="7">
<attrib name="SRINIT0" value="5"/><attrib name="SRINIT1" value="1"/></item>
<item name="SYNC_ATTR" rev="7">
<attrib name="ASYNC" value="3"/><attrib name="SYNC" value="3"/></item>
</group>
</ReportConfigData>
<ReportPinData TimeStamp="Tue Nov 29 10:22:18 2016"><group name="REG_SR">
<item name="CE" rev="7">
<attrib name="value" value="66"/></item>
<item name="CK" rev="7">
<attrib name="value" value="83"/></item>
<item name="D" rev="7">
<attrib name="value" value="83"/></item>
<item name="Q" rev="7">
<attrib name="value" value="83"/></item>
<item name="SR" rev="7">
<attrib name="value" value="62"/></item>
</group>
<group name="SLICEL">
<item name="A1" rev="7">
<attrib name="value" value="3"/></item>
<item name="A2" rev="7">
<attrib name="value" value="3"/></item>
<item name="A3" rev="7">
<attrib name="value" value="3"/></item>
<item name="A4" rev="7">
<attrib name="value" value="3"/></item>
<item name="A5" rev="7">
<attrib name="value" value="3"/></item>
<item name="A6" rev="7">
<attrib name="value" value="3"/></item>
<item name="AQ" rev="7">
<attrib name="value" value="1"/></item>
<item name="AX" rev="7">
<attrib name="value" value="2"/></item>
<item name="B1" rev="7">
<attrib name="value" value="2"/></item>
<item name="B2" rev="7">
<attrib name="value" value="2"/></item>
<item name="B3" rev="7">
<attrib name="value" value="2"/></item>
<item name="B4" rev="7">
<attrib name="value" value="2"/></item>
<item name="B5" rev="7">
<attrib name="value" value="2"/></item>
<item name="B6" rev="7">
<attrib name="value" value="2"/></item>
<item name="BX" rev="7">
<attrib name="value" value="2"/></item>
<item name="C1" rev="7">
<attrib name="value" value="2"/></item>
<item name="C2" rev="7">
<attrib name="value" value="2"/></item>
<item name="C3" rev="7">
<attrib name="value" value="2"/></item>
<item name="C4" rev="7">
<attrib name="value" value="2"/></item>
<item name="C5" rev="7">
<attrib name="value" value="2"/></item>
<item name="C6" rev="7">
<attrib name="value" value="2"/></item>
<item name="CE" rev="7">
<attrib name="value" value="1"/></item>
<item name="CIN" rev="7">
<attrib name="value" value="2"/></item>
<item name="CLK" rev="7">
<attrib name="value" value="1"/></item>
<item name="COUT" rev="7">
<attrib name="value" value="2"/></item>
<item name="CX" rev="7">
<attrib name="value" value="2"/></item>
<item name="D1" rev="7">
<attrib name="value" value="2"/></item>
<item name="D2" rev="7">
<attrib name="value" value="2"/></item>
<item name="D3" rev="7">
<attrib name="value" value="2"/></item>
<item name="D4" rev="7">
<attrib name="value" value="2"/></item>
<item name="D5" rev="7">
<attrib name="value" value="2"/></item>
<item name="D6" rev="7">
<attrib name="value" value="2"/></item>
<item name="DX" rev="7">
<attrib name="value" value="2"/></item>
<item name="SR" rev="7">
<attrib name="value" value="1"/></item>
</group>
<group name="IOB_OUTBUF">
<item name="IN" rev="7">
<attrib name="value" value="26"/></item>
<item name="OUT" rev="7">
<attrib name="value" value="26"/></item>
</group>
<group name="SLICEX">
<item name="A" rev="7">
<attrib name="value" value="6"/></item>
<item name="A1" rev="7">
<attrib name="value" value="20"/></item>
<item name="A2" rev="7">
<attrib name="value" value="26"/></item>
<item name="A3" rev="7">
<attrib name="value" value="28"/></item>
<item name="A4" rev="7">
<attrib name="value" value="28"/></item>
<item name="A5" rev="7">
<attrib name="value" value="29"/></item>
<item name="A6" rev="7">
<attrib name="value" value="29"/></item>
<item name="AMUX" rev="7">
<attrib name="value" value="3"/></item>
<item name="AQ" rev="7">
<attrib name="value" value="27"/></item>
<item name="AX" rev="7">
<attrib name="value" value="2"/></item>
<item name="B" rev="7">
<attrib name="value" value="6"/></item>
<item name="B1" rev="7">
<attrib name="value" value="17"/></item>
<item name="B2" rev="7">
<attrib name="value" value="19"/></item>
<item name="B3" rev="7">
<attrib name="value" value="19"/></item>
<item name="B4" rev="7">
<attrib name="value" value="20"/></item>
<item name="B5" rev="7">
<attrib name="value" value="21"/></item>
<item name="B6" rev="7">
<attrib name="value" value="21"/></item>
<item name="BMUX" rev="7">
<attrib name="value" value="2"/></item>
<item name="BQ" rev="7">
<attrib name="value" value="19"/></item>
<item name="BX" rev="7">
<attrib name="value" value="4"/></item>
<item name="C" rev="7">
<attrib name="value" value="5"/></item>
<item name="C1" rev="7">
<attrib name="value" value="15"/></item>
<item name="C2" rev="7">
<attrib name="value" value="17"/></item>
<item name="C3" rev="7">
<attrib name="value" value="19"/></item>
<item name="C4" rev="7">
<attrib name="value" value="20"/></item>
<item name="C5" rev="7">
<attrib name="value" value="20"/></item>
<item name="C6" rev="7">
<attrib name="value" value="20"/></item>
<item name="CE" rev="7">
<attrib name="value" value="21"/></item>
<item name="CLK" rev="7">
<attrib name="value" value="31"/></item>
<item name="CMUX" rev="7">
<attrib name="value" value="2"/></item>
<item name="CQ" rev="7">
<attrib name="value" value="18"/></item>
<item name="CX" rev="7">
<attrib name="value" value="3"/></item>
<item name="D" rev="7">
<attrib name="value" value="8"/></item>
<item name="D1" rev="7">
<attrib name="value" value="15"/></item>
<item name="D2" rev="7">
<attrib name="value" value="17"/></item>
<item name="D3" rev="7">
<attrib name="value" value="21"/></item>
<item name="D4" rev="7">
<attrib name="value" value="22"/></item>
<item name="D5" rev="7">
<attrib name="value" value="23"/></item>
<item name="D6" rev="7">
<attrib name="value" value="23"/></item>
<item name="DMUX" rev="7">
<attrib name="value" value="1"/></item>
<item name="DQ" rev="7">
<attrib name="value" value="18"/></item>
<item name="DX" rev="7">
<attrib name="value" value="2"/></item>
<item name="SR" rev="7">
<attrib name="value" value="22"/></item>
</group>
<group name="BUFG_BUFG">
<item name="I0" rev="7">
<attrib name="value" value="1"/></item>
<item name="O" rev="7">
<attrib name="value" value="1"/></item>
</group>
<group name="PAD">
<item name="PAD" rev="7">
<attrib name="value" value="46"/></item>
</group>
<group name="IOB_INBUF">
<item name="OUT" rev="7">
<attrib name="value" value="20"/></item>
<item name="PAD" rev="7">
<attrib name="value" value="20"/></item>
</group>
<group name="CARRY4">
<item name="CIN" rev="7">
<attrib name="value" value="2"/></item>
<item name="CO0" rev="7">
<attrib name="value" value="1"/></item>
<item name="CO3" rev="7">
<attrib name="value" value="2"/></item>
<item name="CYINIT" rev="7">
<attrib name="value" value="1"/></item>
<item name="DI0" rev="7">
<attrib name="value" value="3"/></item>
<item name="DI1" rev="7">
<attrib name="value" value="2"/></item>
<item name="DI2" rev="7">
<attrib name="value" value="2"/></item>
<item name="DI3" rev="7">
<attrib name="value" value="2"/></item>
<item name="S0" rev="7">
<attrib name="value" value="3"/></item>
<item name="S1" rev="7">
<attrib name="value" value="2"/></item>
<item name="S2" rev="7">
<attrib name="value" value="2"/></item>
<item name="S3" rev="7">
<attrib name="value" value="2"/></item>
</group>
<group name="LUT5">
<item name="A1" rev="7">
<attrib name="value" value="3"/></item>
<item name="A2" rev="7">
<attrib name="value" value="5"/></item>
<item name="A3" rev="7">
<attrib name="value" value="6"/></item>
<item name="A4" rev="7">
<attrib name="value" value="6"/></item>
<item name="A5" rev="7">
<attrib name="value" value="7"/></item>
<item name="O5" rev="7">
<attrib name="value" value="9"/></item>
</group>
<group name="LUT6">
<item name="A1" rev="7">
<attrib name="value" value="73"/></item>
<item name="A2" rev="7">
<attrib name="value" value="86"/></item>
<item name="A3" rev="7">
<attrib name="value" value="94"/></item>
<item name="A4" rev="7">
<attrib name="value" value="99"/></item>
<item name="A5" rev="7">
<attrib name="value" value="102"/></item>
<item name="A6" rev="7">
<attrib name="value" value="102"/></item>
<item name="O6" rev="7">
<attrib name="value" value="102"/></item>
</group>
<group name="IOB_IMUX">
<item name="I" rev="7">
<attrib name="value" value="20"/></item>
<item name="OUT" rev="7">
<attrib name="value" value="20"/></item>
</group>
<group name="IOB">
<item name="I" rev="7">
<attrib name="value" value="20"/></item>
<item name="O" rev="7">
<attrib name="value" value="26"/></item>
<item name="PAD" rev="7">
<attrib name="value" value="46"/></item>
</group>
<group name="HARD0">
<item name="0" rev="7">
<attrib name="value" value="1"/></item>
</group>
<group name="FF_SR">
<item name="CE" rev="7">
<attrib name="value" value="2"/></item>
<item name="CK" rev="7">
<attrib name="value" value="6"/></item>
<item name="D" rev="7">
<attrib name="value" value="6"/></item>
<item name="Q" rev="7">
<attrib name="value" value="6"/></item>
<item name="SR" rev="7">
<attrib name="value" value="3"/></item>
</group>
<group name="BUFG">
<item name="I0" rev="7">
<attrib name="value" value="1"/></item>
<item name="O" rev="7">
<attrib name="value" value="1"/></item>
</group>
</ReportPinData>
<CmdHistory>
</CmdHistory>
</DeviceUsageSummary>
